<?xml version="1.0" encoding="UTF-8"?>
<project name="jmsdemo1" default="all">
  
  
  <property file="jmsdemo1.properties"/>
  <!-- Uncomment the following property if no tests compilation is needed -->
  <!-- 
  <property name="skip.tests" value="true"/>
   -->
  
  <!-- Compiler options -->
  
  <property name="compiler.debug" value="on"/>
  <property name="compiler.generate.no.warnings" value="off"/>
  <property name="compiler.args" value=""/>
  <property name="compiler.max.memory" value="700m"/>
  <patternset id="ignored.files">
    <exclude name="**/*.hprof/**"/>
    <exclude name="**/*.pyc/**"/>
    <exclude name="**/*.pyo/**"/>
    <exclude name="**/*.rbc/**"/>
    <exclude name="**/*.yarb/**"/>
    <exclude name="**/*~/**"/>
    <exclude name="**/.DS_Store/**"/>
    <exclude name="**/.git/**"/>
    <exclude name="**/.hg/**"/>
    <exclude name="**/.svn/**"/>
    <exclude name="**/CVS/**"/>
    <exclude name="**/__pycache__/**"/>
    <exclude name="**/_svn/**"/>
    <exclude name="**/vssver.scc/**"/>
    <exclude name="**/vssver2.scc/**"/>
  </patternset>
  <patternset id="library.patterns">
    <include name="*.klib"/>
    <include name="*.egg"/>
    <include name="*.jar"/>
    <include name="*.ear"/>
    <include name="*.swc"/>
    <include name="*.war"/>
    <include name="*.zip"/>
    <include name="*.ane"/>
  </patternset>
  <patternset id="compiler.resources">
    <exclude name="**/?*.java"/>
    <exclude name="**/?*.form"/>
    <exclude name="**/?*.class"/>
    <exclude name="**/?*.groovy"/>
    <exclude name="**/?*.scala"/>
    <exclude name="**/?*.flex"/>
    <exclude name="**/?*.kt"/>
    <exclude name="**/?*.clj"/>
    <exclude name="**/?*.aj"/>
  </patternset>
  
  <!-- JDK definitions -->
  
  <property name="jdk.bin.1.8" value="${jdk.home.1.8}/bin"/>
  <path id="jdk.classpath.1.8">
    <fileset dir="${jdk.home.1.8}">
      <include name="jre/lib/charsets.jar"/>
      <include name="jre/lib/deploy.jar"/>
      <include name="jre/lib/ext/access-bridge-64.jar"/>
      <include name="jre/lib/ext/cldrdata.jar"/>
      <include name="jre/lib/ext/dnsns.jar"/>
      <include name="jre/lib/ext/jaccess.jar"/>
      <include name="jre/lib/ext/jfxrt.jar"/>
      <include name="jre/lib/ext/localedata.jar"/>
      <include name="jre/lib/ext/nashorn.jar"/>
      <include name="jre/lib/ext/sunec.jar"/>
      <include name="jre/lib/ext/sunjce_provider.jar"/>
      <include name="jre/lib/ext/sunmscapi.jar"/>
      <include name="jre/lib/ext/sunpkcs11.jar"/>
      <include name="jre/lib/ext/zipfs.jar"/>
      <include name="jre/lib/javaws.jar"/>
      <include name="jre/lib/jce.jar"/>
      <include name="jre/lib/jfr.jar"/>
      <include name="jre/lib/jfxswt.jar"/>
      <include name="jre/lib/jsse.jar"/>
      <include name="jre/lib/management-agent.jar"/>
      <include name="jre/lib/plugin.jar"/>
      <include name="jre/lib/resources.jar"/>
      <include name="jre/lib/rt.jar"/>
    </fileset>
  </path>
  
  <property name="project.jdk.home" value="${jdk.home.1.8}"/>
  <property name="project.jdk.bin" value="${jdk.bin.1.8}"/>
  <property name="project.jdk.classpath" value="jdk.classpath.1.8"/>
  
  
  <!-- Project Libraries -->
  
  <path id="library.maven:_ch.qos.logback:logback-classic:1.2.3.classpath">
    <pathelement location="C:/Users/Liu.DA/.m2/repository/ch/qos/logback/logback-classic/1.2.3/logback-classic-1.2.3.jar"/>
  </path>
  
  <path id="library.maven:_ch.qos.logback:logback-core:1.2.3.classpath">
    <pathelement location="C:/Users/Liu.DA/.m2/repository/ch/qos/logback/logback-core/1.2.3/logback-core-1.2.3.jar"/>
  </path>
  
  <path id="library.maven:_com.fasterxml.jackson.core:jackson-annotations:2.9.0.classpath">
    <pathelement location="C:/Users/Liu.DA/.m2/repository/com/fasterxml/jackson/core/jackson-annotations/2.9.0/jackson-annotations-2.9.0.jar"/>
  </path>
  
  <path id="library.maven:_com.fasterxml.jackson.core:jackson-core:2.9.9.classpath">
    <pathelement location="C:/Users/Liu.DA/.m2/repository/com/fasterxml/jackson/core/jackson-core/2.9.9/jackson-core-2.9.9.jar"/>
  </path>
  
  <path id="library.maven:_com.fasterxml.jackson.core:jackson-databind:2.9.9.3.classpath">
    <pathelement location="C:/Users/Liu.DA/.m2/repository/com/fasterxml/jackson/core/jackson-databind/2.9.9.3/jackson-databind-2.9.9.3.jar"/>
  </path>
  
  <path id="library.maven:_com.fasterxml.jackson.datatype:jackson-datatype-jdk8:2.9.9.classpath">
    <pathelement location="C:/Users/Liu.DA/.m2/repository/com/fasterxml/jackson/datatype/jackson-datatype-jdk8/2.9.9/jackson-datatype-jdk8-2.9.9.jar"/>
  </path>
  
  <path id="library.maven:_com.fasterxml.jackson.datatype:jackson-datatype-jsr310:2.9.9.classpath">
    <pathelement location="C:/Users/Liu.DA/.m2/repository/com/fasterxml/jackson/datatype/jackson-datatype-jsr310/2.9.9/jackson-datatype-jsr310-2.9.9.jar"/>
  </path>
  
  <path id="library.maven:_com.fasterxml.jackson.module:jackson-module-parameter-names:2.9.9.classpath">
    <pathelement location="C:/Users/Liu.DA/.m2/repository/com/fasterxml/jackson/module/jackson-module-parameter-names/2.9.9/jackson-module-parameter-names-2.9.9.jar"/>
  </path>
  
  <path id="library.maven:_com.fasterxml:classmate:1.4.0.classpath">
    <pathelement location="C:/Users/Liu.DA/.m2/repository/com/fasterxml/classmate/1.4.0/classmate-1.4.0.jar"/>
  </path>
  
  <path id="library.maven:_com.google.code.findbugs:jsr305:3.0.2.classpath">
    <pathelement location="C:/Users/Liu.DA/.m2/repository/com/google/code/findbugs/jsr305/3.0.2/jsr305-3.0.2.jar"/>
  </path>
  
  <path id="library.maven:_com.google.errorprone:error_prone_annotations:2.3.2.classpath">
    <pathelement location="C:/Users/Liu.DA/.m2/repository/com/google/errorprone/error_prone_annotations/2.3.2/error_prone_annotations-2.3.2.jar"/>
  </path>
  
  <path id="library.maven:_com.google.guava:failureaccess:1.0.1.classpath">
    <pathelement location="C:/Users/Liu.DA/.m2/repository/com/google/guava/failureaccess/1.0.1/failureaccess-1.0.1.jar"/>
  </path>
  
  <path id="library.maven:_com.google.guava:guava:28.0-jre.classpath">
    <pathelement location="C:/Users/Liu.DA/.m2/repository/com/google/guava/guava/28.0-jre/guava-28.0-jre.jar"/>
  </path>
  
  <path id="library.maven:_com.google.guava:listenablefuture:9999.0-empty-to-avoid-conflict-with-guava.classpath">
    <pathelement location="C:/Users/Liu.DA/.m2/repository/com/google/guava/listenablefuture/9999.0-empty-to-avoid-conflict-with-guava/listenablefuture-9999.0-empty-to-avoid-conflict-with-guava.jar"/>
  </path>
  
  <path id="library.maven:_com.google.j2objc:j2objc-annotations:1.3.classpath">
    <pathelement location="C:/Users/Liu.DA/.m2/repository/com/google/j2objc/j2objc-annotations/1.3/j2objc-annotations-1.3.jar"/>
  </path>
  
  <path id="library.maven:_com.jayway.jsonpath:json-path:2.4.0.classpath">
    <pathelement location="C:/Users/Liu.DA/.m2/repository/com/jayway/jsonpath/json-path/2.4.0/json-path-2.4.0.jar"/>
  </path>
  
  <path id="library.maven:_com.vaadin.external.google:android-json:0.0.20131108.vaadin1.classpath">
    <pathelement location="C:/Users/Liu.DA/.m2/repository/com/vaadin/external/google/android-json/0.0.20131108.vaadin1/android-json-0.0.20131108.vaadin1.jar"/>
  </path>
  
  <path id="library.maven:_javax.annotation:javax.annotation-api:1.3.2.classpath">
    <pathelement location="C:/Users/Liu.DA/.m2/repository/javax/annotation/javax.annotation-api/1.3.2/javax.annotation-api-1.3.2.jar"/>
  </path>
  
  <path id="library.maven:_javax.jms:javax.jms-api:2.0.1.classpath">
    <pathelement location="C:/Users/Liu.DA/.m2/repository/javax/jms/javax.jms-api/2.0.1/javax.jms-api-2.0.1.jar"/>
  </path>
  
  <path id="library.maven:_javax.validation:validation-api:2.0.1.final.classpath">
    <pathelement location="C:/Users/Liu.DA/.m2/repository/javax/validation/validation-api/2.0.1.Final/validation-api-2.0.1.Final.jar"/>
  </path>
  
  <path id="library.maven:_junit:junit:4.12.classpath">
    <pathelement location="C:/Users/Liu.DA/.m2/repository/junit/junit/4.12/junit-4.12.jar"/>
  </path>
  
  <path id="library.maven:_net.bytebuddy:byte-buddy-agent:1.9.16.classpath">
    <pathelement location="C:/Users/Liu.DA/.m2/repository/net/bytebuddy/byte-buddy-agent/1.9.16/byte-buddy-agent-1.9.16.jar"/>
  </path>
  
  <path id="library.maven:_net.bytebuddy:byte-buddy:1.9.16.classpath">
    <pathelement location="C:/Users/Liu.DA/.m2/repository/net/bytebuddy/byte-buddy/1.9.16/byte-buddy-1.9.16.jar"/>
  </path>
  
  <path id="library.maven:_net.minidev:accessors-smart:1.2.classpath">
    <pathelement location="C:/Users/Liu.DA/.m2/repository/net/minidev/accessors-smart/1.2/accessors-smart-1.2.jar"/>
  </path>
  
  <path id="library.maven:_net.minidev:json-smart:2.3.classpath">
    <pathelement location="C:/Users/Liu.DA/.m2/repository/net/minidev/json-smart/2.3/json-smart-2.3.jar"/>
  </path>
  
  <path id="library.maven:_org.apache.activemq:activemq-broker:5.15.10.classpath">
    <pathelement location="C:/Users/Liu.DA/.m2/repository/org/apache/activemq/activemq-broker/5.15.10/activemq-broker-5.15.10.jar"/>
  </path>
  
  <path id="library.maven:_org.apache.activemq:activemq-client:5.15.10.classpath">
    <pathelement location="C:/Users/Liu.DA/.m2/repository/org/apache/activemq/activemq-client/5.15.10/activemq-client-5.15.10.jar"/>
  </path>
  
  <path id="library.maven:_org.apache.activemq:activemq-openwire-legacy:5.15.10.classpath">
    <pathelement location="C:/Users/Liu.DA/.m2/repository/org/apache/activemq/activemq-openwire-legacy/5.15.10/activemq-openwire-legacy-5.15.10.jar"/>
  </path>
  
  <path id="library.maven:_org.apache.geronimo.specs:geronimo-j2ee-management_1.1_spec:1.0.1.classpath">
    <pathelement location="C:/Users/Liu.DA/.m2/repository/org/apache/geronimo/specs/geronimo-j2ee-management_1.1_spec/1.0.1/geronimo-j2ee-management_1.1_spec-1.0.1.jar"/>
  </path>
  
  <path id="library.maven:_org.apache.logging.log4j:log4j-api:2.11.2.classpath">
    <pathelement location="C:/Users/Liu.DA/.m2/repository/org/apache/logging/log4j/log4j-api/2.11.2/log4j-api-2.11.2.jar"/>
  </path>
  
  <path id="library.maven:_org.apache.logging.log4j:log4j-to-slf4j:2.11.2.classpath">
    <pathelement location="C:/Users/Liu.DA/.m2/repository/org/apache/logging/log4j/log4j-to-slf4j/2.11.2/log4j-to-slf4j-2.11.2.jar"/>
  </path>
  
  <path id="library.maven:_org.apache.tomcat.embed:tomcat-embed-core:9.0.24.classpath">
    <pathelement location="C:/Users/Liu.DA/.m2/repository/org/apache/tomcat/embed/tomcat-embed-core/9.0.24/tomcat-embed-core-9.0.24.jar"/>
  </path>
  
  <path id="library.maven:_org.apache.tomcat.embed:tomcat-embed-el:9.0.24.classpath">
    <pathelement location="C:/Users/Liu.DA/.m2/repository/org/apache/tomcat/embed/tomcat-embed-el/9.0.24/tomcat-embed-el-9.0.24.jar"/>
  </path>
  
  <path id="library.maven:_org.apache.tomcat.embed:tomcat-embed-websocket:9.0.24.classpath">
    <pathelement location="C:/Users/Liu.DA/.m2/repository/org/apache/tomcat/embed/tomcat-embed-websocket/9.0.24/tomcat-embed-websocket-9.0.24.jar"/>
  </path>
  
  <path id="library.maven:_org.assertj:assertj-core:3.11.1.classpath">
    <pathelement location="C:/Users/Liu.DA/.m2/repository/org/assertj/assertj-core/3.11.1/assertj-core-3.11.1.jar"/>
  </path>
  
  <path id="library.maven:_org.checkerframework:checker-qual:2.8.1.classpath">
    <pathelement location="C:/Users/Liu.DA/.m2/repository/org/checkerframework/checker-qual/2.8.1/checker-qual-2.8.1.jar"/>
  </path>
  
  <path id="library.maven:_org.codehaus.mojo:animal-sniffer-annotations:1.17.classpath">
    <pathelement location="C:/Users/Liu.DA/.m2/repository/org/codehaus/mojo/animal-sniffer-annotations/1.17/animal-sniffer-annotations-1.17.jar"/>
  </path>
  
  <path id="library.maven:_org.fusesource.hawtbuf:hawtbuf:1.11.classpath">
    <pathelement location="C:/Users/Liu.DA/.m2/repository/org/fusesource/hawtbuf/hawtbuf/1.11/hawtbuf-1.11.jar"/>
  </path>
  
  <path id="library.maven:_org.hamcrest:hamcrest-core:1.3.classpath">
    <pathelement location="C:/Users/Liu.DA/.m2/repository/org/hamcrest/hamcrest-core/1.3/hamcrest-core-1.3.jar"/>
  </path>
  
  <path id="library.maven:_org.hamcrest:hamcrest-library:1.3.classpath">
    <pathelement location="C:/Users/Liu.DA/.m2/repository/org/hamcrest/hamcrest-library/1.3/hamcrest-library-1.3.jar"/>
  </path>
  
  <path id="library.maven:_org.hibernate.validator:hibernate-validator:6.0.17.final.classpath">
    <pathelement location="C:/Users/Liu.DA/.m2/repository/org/hibernate/validator/hibernate-validator/6.0.17.Final/hibernate-validator-6.0.17.Final.jar"/>
  </path>
  
  <path id="library.maven:_org.jboss.logging:jboss-logging:3.3.3.final.classpath">
    <pathelement location="C:/Users/Liu.DA/.m2/repository/org/jboss/logging/jboss-logging/3.3.3.Final/jboss-logging-3.3.3.Final.jar"/>
  </path>
  
  <path id="library.maven:_org.mockito:mockito-core:2.23.4.classpath">
    <pathelement location="C:/Users/Liu.DA/.m2/repository/org/mockito/mockito-core/2.23.4/mockito-core-2.23.4.jar"/>
  </path>
  
  <path id="library.maven:_org.objenesis:objenesis:2.6.classpath">
    <pathelement location="C:/Users/Liu.DA/.m2/repository/org/objenesis/objenesis/2.6/objenesis-2.6.jar"/>
  </path>
  
  <path id="library.maven:_org.ow2.asm:asm:5.0.4.classpath">
    <pathelement location="C:/Users/Liu.DA/.m2/repository/org/ow2/asm/asm/5.0.4/asm-5.0.4.jar"/>
  </path>
  
  <path id="library.maven:_org.skyscreamer:jsonassert:1.5.0.classpath">
    <pathelement location="C:/Users/Liu.DA/.m2/repository/org/skyscreamer/jsonassert/1.5.0/jsonassert-1.5.0.jar"/>
  </path>
  
  <path id="library.maven:_org.slf4j:jul-to-slf4j:1.7.28.classpath">
    <pathelement location="C:/Users/Liu.DA/.m2/repository/org/slf4j/jul-to-slf4j/1.7.28/jul-to-slf4j-1.7.28.jar"/>
  </path>
  
  <path id="library.maven:_org.slf4j:slf4j-api:1.7.28.classpath">
    <pathelement location="C:/Users/Liu.DA/.m2/repository/org/slf4j/slf4j-api/1.7.28/slf4j-api-1.7.28.jar"/>
  </path>
  
  <path id="library.maven:_org.springframework.boot:spring-boot-autoconfigure:2.1.8.release.classpath">
    <pathelement location="C:/Users/Liu.DA/.m2/repository/org/springframework/boot/spring-boot-autoconfigure/2.1.8.RELEASE/spring-boot-autoconfigure-2.1.8.RELEASE.jar"/>
  </path>
  
  <path id="library.maven:_org.springframework.boot:spring-boot-starter-activemq:2.1.8.release.classpath">
    <pathelement location="C:/Users/Liu.DA/.m2/repository/org/springframework/boot/spring-boot-starter-activemq/2.1.8.RELEASE/spring-boot-starter-activemq-2.1.8.RELEASE.jar"/>
  </path>
  
  <path id="library.maven:_org.springframework.boot:spring-boot-starter-json:2.1.8.release.classpath">
    <pathelement location="C:/Users/Liu.DA/.m2/repository/org/springframework/boot/spring-boot-starter-json/2.1.8.RELEASE/spring-boot-starter-json-2.1.8.RELEASE.jar"/>
  </path>
  
  <path id="library.maven:_org.springframework.boot:spring-boot-starter-logging:2.1.8.release.classpath">
    <pathelement location="C:/Users/Liu.DA/.m2/repository/org/springframework/boot/spring-boot-starter-logging/2.1.8.RELEASE/spring-boot-starter-logging-2.1.8.RELEASE.jar"/>
  </path>
  
  <path id="library.maven:_org.springframework.boot:spring-boot-starter-test:2.1.8.release.classpath">
    <pathelement location="C:/Users/Liu.DA/.m2/repository/org/springframework/boot/spring-boot-starter-test/2.1.8.RELEASE/spring-boot-starter-test-2.1.8.RELEASE.jar"/>
  </path>
  
  <path id="library.maven:_org.springframework.boot:spring-boot-starter-tomcat:2.1.8.release.classpath">
    <pathelement location="C:/Users/Liu.DA/.m2/repository/org/springframework/boot/spring-boot-starter-tomcat/2.1.8.RELEASE/spring-boot-starter-tomcat-2.1.8.RELEASE.jar"/>
  </path>
  
  <path id="library.maven:_org.springframework.boot:spring-boot-starter-web:2.1.8.release.classpath">
    <pathelement location="C:/Users/Liu.DA/.m2/repository/org/springframework/boot/spring-boot-starter-web/2.1.8.RELEASE/spring-boot-starter-web-2.1.8.RELEASE.jar"/>
  </path>
  
  <path id="library.maven:_org.springframework.boot:spring-boot-starter:2.1.8.release.classpath">
    <pathelement location="C:/Users/Liu.DA/.m2/repository/org/springframework/boot/spring-boot-starter/2.1.8.RELEASE/spring-boot-starter-2.1.8.RELEASE.jar"/>
  </path>
  
  <path id="library.maven:_org.springframework.boot:spring-boot-test-autoconfigure:2.1.8.release.classpath">
    <pathelement location="C:/Users/Liu.DA/.m2/repository/org/springframework/boot/spring-boot-test-autoconfigure/2.1.8.RELEASE/spring-boot-test-autoconfigure-2.1.8.RELEASE.jar"/>
  </path>
  
  <path id="library.maven:_org.springframework.boot:spring-boot-test:2.1.8.release.classpath">
    <pathelement location="C:/Users/Liu.DA/.m2/repository/org/springframework/boot/spring-boot-test/2.1.8.RELEASE/spring-boot-test-2.1.8.RELEASE.jar"/>
  </path>
  
  <path id="library.maven:_org.springframework.boot:spring-boot:2.1.8.release.classpath">
    <pathelement location="C:/Users/Liu.DA/.m2/repository/org/springframework/boot/spring-boot/2.1.8.RELEASE/spring-boot-2.1.8.RELEASE.jar"/>
  </path>
  
  <path id="library.maven:_org.springframework:spring-aop:5.1.9.release.classpath">
    <pathelement location="C:/Users/Liu.DA/.m2/repository/org/springframework/spring-aop/5.1.9.RELEASE/spring-aop-5.1.9.RELEASE.jar"/>
  </path>
  
  <path id="library.maven:_org.springframework:spring-beans:5.1.9.release.classpath">
    <pathelement location="C:/Users/Liu.DA/.m2/repository/org/springframework/spring-beans/5.1.9.RELEASE/spring-beans-5.1.9.RELEASE.jar"/>
  </path>
  
  <path id="library.maven:_org.springframework:spring-context:5.1.9.release.classpath">
    <pathelement location="C:/Users/Liu.DA/.m2/repository/org/springframework/spring-context/5.1.9.RELEASE/spring-context-5.1.9.RELEASE.jar"/>
  </path>
  
  <path id="library.maven:_org.springframework:spring-core:5.1.9.release.classpath">
    <pathelement location="C:/Users/Liu.DA/.m2/repository/org/springframework/spring-core/5.1.9.RELEASE/spring-core-5.1.9.RELEASE.jar"/>
  </path>
  
  <path id="library.maven:_org.springframework:spring-expression:5.1.9.release.classpath">
    <pathelement location="C:/Users/Liu.DA/.m2/repository/org/springframework/spring-expression/5.1.9.RELEASE/spring-expression-5.1.9.RELEASE.jar"/>
  </path>
  
  <path id="library.maven:_org.springframework:spring-jcl:5.1.9.release.classpath">
    <pathelement location="C:/Users/Liu.DA/.m2/repository/org/springframework/spring-jcl/5.1.9.RELEASE/spring-jcl-5.1.9.RELEASE.jar"/>
  </path>
  
  <path id="library.maven:_org.springframework:spring-jms:5.1.9.release.classpath">
    <pathelement location="C:/Users/Liu.DA/.m2/repository/org/springframework/spring-jms/5.1.9.RELEASE/spring-jms-5.1.9.RELEASE.jar"/>
  </path>
  
  <path id="library.maven:_org.springframework:spring-messaging:5.1.9.release.classpath">
    <pathelement location="C:/Users/Liu.DA/.m2/repository/org/springframework/spring-messaging/5.1.9.RELEASE/spring-messaging-5.1.9.RELEASE.jar"/>
  </path>
  
  <path id="library.maven:_org.springframework:spring-test:5.1.9.release.classpath">
    <pathelement location="C:/Users/Liu.DA/.m2/repository/org/springframework/spring-test/5.1.9.RELEASE/spring-test-5.1.9.RELEASE.jar"/>
  </path>
  
  <path id="library.maven:_org.springframework:spring-tx:5.1.9.release.classpath">
    <pathelement location="C:/Users/Liu.DA/.m2/repository/org/springframework/spring-tx/5.1.9.RELEASE/spring-tx-5.1.9.RELEASE.jar"/>
  </path>
  
  <path id="library.maven:_org.springframework:spring-web:5.1.9.release.classpath">
    <pathelement location="C:/Users/Liu.DA/.m2/repository/org/springframework/spring-web/5.1.9.RELEASE/spring-web-5.1.9.RELEASE.jar"/>
  </path>
  
  <path id="library.maven:_org.springframework:spring-webmvc:5.1.9.release.classpath">
    <pathelement location="C:/Users/Liu.DA/.m2/repository/org/springframework/spring-webmvc/5.1.9.RELEASE/spring-webmvc-5.1.9.RELEASE.jar"/>
  </path>
  
  <path id="library.maven:_org.xmlunit:xmlunit-core:2.6.3.classpath">
    <pathelement location="C:/Users/Liu.DA/.m2/repository/org/xmlunit/xmlunit-core/2.6.3/xmlunit-core-2.6.3.jar"/>
  </path>
  
  <path id="library.maven:_org.yaml:snakeyaml:1.23.classpath">
    <pathelement location="C:/Users/Liu.DA/.m2/repository/org/yaml/snakeyaml/1.23/snakeyaml-1.23.jar"/>
  </path>
  
  
  <!-- Global Libraries -->
  <!-- Register Custom Compiler Taskdefs -->
  <property name="javac2.home" value="${idea.home}/lib"/>
  <path id="javac2.classpath">
    <fileset dir="${javac2.home}">
      <include name="javac2.jar"/>
      <include name="jdom.jar"/>
      <include name="asm-all*.jar"/>
      <include name="forms-*.jar"/>
    </fileset>
  </path>
  <target name="register.custom.compilers">
    <taskdef name="javac2" classname="com.intellij.ant.Javac2" classpathref="javac2.classpath"/>
    <taskdef name="instrumentIdeaExtensions" classname="com.intellij.ant.InstrumentIdeaExtensions" classpathref="javac2.classpath"/>
  </target>
  
  <!-- Modules -->
  
  <import file="${basedir}/module_jmsdemo1.xml"/>
  
  <target name="init" description="Build initialization">
    <!-- Perform any build initialization in this target -->
  </target>
  
  <target name="clean" depends="clean.module.jmsdemo1" description="cleanup all"/>
  
  <target name="build.modules" depends="init, clean, compile.module.jmsdemo1" description="build all modules"/>
  
  <target name="all" depends="build.modules" description="build all"/>
</project>