<?xml version="1.0" encoding="UTF-8"?>
<project name="module_jmsdemo1" default="compile.module.jmsdemo1">
  <dirname property="module.jmsdemo1.basedir" file="${ant.file.module_jmsdemo1}"/>
  
  <property name="module.jdk.home.jmsdemo1" value="${jdk.home.1.8}"/>
  <property name="module.jdk.bin.jmsdemo1" value="${jdk.bin.1.8}"/>
  <property name="module.jdk.classpath.jmsdemo1" value="jdk.classpath.1.8"/>
  
  <property name="compiler.args.jmsdemo1" value="-encoding UTF-8 -source 8 -target 1.8 ${compiler.args}"/>
  
  <property name="jmsdemo1.output.dir" value="${module.jmsdemo1.basedir}/target/classes"/>
  <property name="jmsdemo1.testoutput.dir" value="${module.jmsdemo1.basedir}/target/test-classes"/>
  
  <path id="jmsdemo1.module.bootclasspath">
    <!-- Paths to be included in compilation bootclasspath -->
  </path>
  
  <path id="jmsdemo1.module.production.classpath">
    <path refid="${module.jdk.classpath.jmsdemo1}"/>
    <path refid="library.maven:_org.springframework.boot:spring-boot-starter-activemq:2.1.8.release.classpath"/>
    <path refid="library.maven:_org.springframework.boot:spring-boot-starter:2.1.8.release.classpath"/>
    <path refid="library.maven:_org.springframework.boot:spring-boot:2.1.8.release.classpath"/>
    <path refid="library.maven:_org.springframework.boot:spring-boot-autoconfigure:2.1.8.release.classpath"/>
    <path refid="library.maven:_org.springframework.boot:spring-boot-starter-logging:2.1.8.release.classpath"/>
    <path refid="library.maven:_ch.qos.logback:logback-classic:1.2.3.classpath"/>
    <path refid="library.maven:_ch.qos.logback:logback-core:1.2.3.classpath"/>
    <path refid="library.maven:_org.apache.logging.log4j:log4j-to-slf4j:2.11.2.classpath"/>
    <path refid="library.maven:_org.apache.logging.log4j:log4j-api:2.11.2.classpath"/>
    <path refid="library.maven:_org.slf4j:jul-to-slf4j:1.7.28.classpath"/>
    <path refid="library.maven:_javax.annotation:javax.annotation-api:1.3.2.classpath"/>
    <path refid="library.maven:_org.springframework:spring-jms:5.1.9.release.classpath"/>
    <path refid="library.maven:_org.springframework:spring-beans:5.1.9.release.classpath"/>
    <path refid="library.maven:_org.springframework:spring-messaging:5.1.9.release.classpath"/>
    <path refid="library.maven:_org.springframework:spring-tx:5.1.9.release.classpath"/>
    <path refid="library.maven:_org.apache.activemq:activemq-broker:5.15.10.classpath"/>
    <path refid="library.maven:_org.apache.activemq:activemq-client:5.15.10.classpath"/>
    <path refid="library.maven:_org.fusesource.hawtbuf:hawtbuf:1.11.classpath"/>
    <path refid="library.maven:_org.apache.geronimo.specs:geronimo-j2ee-management_1.1_spec:1.0.1.classpath"/>
    <path refid="library.maven:_org.apache.activemq:activemq-openwire-legacy:5.15.10.classpath"/>
    <path refid="library.maven:_com.google.guava:guava:28.0-jre.classpath"/>
    <path refid="library.maven:_com.google.guava:failureaccess:1.0.1.classpath"/>
    <path refid="library.maven:_com.google.guava:listenablefuture:9999.0-empty-to-avoid-conflict-with-guava.classpath"/>
    <path refid="library.maven:_com.google.code.findbugs:jsr305:3.0.2.classpath"/>
    <path refid="library.maven:_org.checkerframework:checker-qual:2.8.1.classpath"/>
    <path refid="library.maven:_com.google.errorprone:error_prone_annotations:2.3.2.classpath"/>
    <path refid="library.maven:_com.google.j2objc:j2objc-annotations:1.3.classpath"/>
    <path refid="library.maven:_org.codehaus.mojo:animal-sniffer-annotations:1.17.classpath"/>
    <path refid="library.maven:_com.fasterxml.jackson.core:jackson-databind:2.9.9.3.classpath"/>
    <path refid="library.maven:_com.fasterxml.jackson.core:jackson-annotations:2.9.0.classpath"/>
    <path refid="library.maven:_com.fasterxml.jackson.core:jackson-core:2.9.9.classpath"/>
    <path refid="library.maven:_javax.jms:javax.jms-api:2.0.1.classpath"/>
    <path refid="library.maven:_org.springframework.boot:spring-boot-starter-web:2.1.8.release.classpath"/>
    <path refid="library.maven:_org.springframework.boot:spring-boot-starter-json:2.1.8.release.classpath"/>
    <path refid="library.maven:_com.fasterxml.jackson.datatype:jackson-datatype-jdk8:2.9.9.classpath"/>
    <path refid="library.maven:_com.fasterxml.jackson.datatype:jackson-datatype-jsr310:2.9.9.classpath"/>
    <path refid="library.maven:_com.fasterxml.jackson.module:jackson-module-parameter-names:2.9.9.classpath"/>
    <path refid="library.maven:_org.springframework.boot:spring-boot-starter-tomcat:2.1.8.release.classpath"/>
    <path refid="library.maven:_org.apache.tomcat.embed:tomcat-embed-core:9.0.24.classpath"/>
    <path refid="library.maven:_org.apache.tomcat.embed:tomcat-embed-el:9.0.24.classpath"/>
    <path refid="library.maven:_org.apache.tomcat.embed:tomcat-embed-websocket:9.0.24.classpath"/>
    <path refid="library.maven:_org.hibernate.validator:hibernate-validator:6.0.17.final.classpath"/>
    <path refid="library.maven:_javax.validation:validation-api:2.0.1.final.classpath"/>
    <path refid="library.maven:_org.jboss.logging:jboss-logging:3.3.3.final.classpath"/>
    <path refid="library.maven:_com.fasterxml:classmate:1.4.0.classpath"/>
    <path refid="library.maven:_org.springframework:spring-web:5.1.9.release.classpath"/>
    <path refid="library.maven:_org.springframework:spring-webmvc:5.1.9.release.classpath"/>
    <path refid="library.maven:_org.springframework:spring-aop:5.1.9.release.classpath"/>
    <path refid="library.maven:_org.springframework:spring-context:5.1.9.release.classpath"/>
    <path refid="library.maven:_org.springframework:spring-expression:5.1.9.release.classpath"/>
    <path refid="library.maven:_org.slf4j:slf4j-api:1.7.28.classpath"/>
    <path refid="library.maven:_org.springframework:spring-core:5.1.9.release.classpath"/>
    <path refid="library.maven:_org.springframework:spring-jcl:5.1.9.release.classpath"/>
  </path>
  
  <path id="jmsdemo1.runtime.production.module.classpath">
    <pathelement location="${jmsdemo1.output.dir}"/>
    <path refid="library.maven:_org.springframework.boot:spring-boot-starter-activemq:2.1.8.release.classpath"/>
    <path refid="library.maven:_org.springframework.boot:spring-boot-starter:2.1.8.release.classpath"/>
    <path refid="library.maven:_org.springframework.boot:spring-boot:2.1.8.release.classpath"/>
    <path refid="library.maven:_org.springframework.boot:spring-boot-autoconfigure:2.1.8.release.classpath"/>
    <path refid="library.maven:_org.springframework.boot:spring-boot-starter-logging:2.1.8.release.classpath"/>
    <path refid="library.maven:_ch.qos.logback:logback-classic:1.2.3.classpath"/>
    <path refid="library.maven:_ch.qos.logback:logback-core:1.2.3.classpath"/>
    <path refid="library.maven:_org.apache.logging.log4j:log4j-to-slf4j:2.11.2.classpath"/>
    <path refid="library.maven:_org.apache.logging.log4j:log4j-api:2.11.2.classpath"/>
    <path refid="library.maven:_org.slf4j:jul-to-slf4j:1.7.28.classpath"/>
    <path refid="library.maven:_javax.annotation:javax.annotation-api:1.3.2.classpath"/>
    <path refid="library.maven:_org.yaml:snakeyaml:1.23.classpath"/>
    <path refid="library.maven:_org.springframework:spring-jms:5.1.9.release.classpath"/>
    <path refid="library.maven:_org.springframework:spring-beans:5.1.9.release.classpath"/>
    <path refid="library.maven:_org.springframework:spring-messaging:5.1.9.release.classpath"/>
    <path refid="library.maven:_org.springframework:spring-tx:5.1.9.release.classpath"/>
    <path refid="library.maven:_org.apache.activemq:activemq-broker:5.15.10.classpath"/>
    <path refid="library.maven:_org.apache.activemq:activemq-client:5.15.10.classpath"/>
    <path refid="library.maven:_org.fusesource.hawtbuf:hawtbuf:1.11.classpath"/>
    <path refid="library.maven:_org.apache.geronimo.specs:geronimo-j2ee-management_1.1_spec:1.0.1.classpath"/>
    <path refid="library.maven:_org.apache.activemq:activemq-openwire-legacy:5.15.10.classpath"/>
    <path refid="library.maven:_com.google.guava:guava:28.0-jre.classpath"/>
    <path refid="library.maven:_com.google.guava:failureaccess:1.0.1.classpath"/>
    <path refid="library.maven:_com.google.guava:listenablefuture:9999.0-empty-to-avoid-conflict-with-guava.classpath"/>
    <path refid="library.maven:_com.google.code.findbugs:jsr305:3.0.2.classpath"/>
    <path refid="library.maven:_org.checkerframework:checker-qual:2.8.1.classpath"/>
    <path refid="library.maven:_com.google.errorprone:error_prone_annotations:2.3.2.classpath"/>
    <path refid="library.maven:_com.google.j2objc:j2objc-annotations:1.3.classpath"/>
    <path refid="library.maven:_org.codehaus.mojo:animal-sniffer-annotations:1.17.classpath"/>
    <path refid="library.maven:_com.fasterxml.jackson.core:jackson-databind:2.9.9.3.classpath"/>
    <path refid="library.maven:_com.fasterxml.jackson.core:jackson-annotations:2.9.0.classpath"/>
    <path refid="library.maven:_com.fasterxml.jackson.core:jackson-core:2.9.9.classpath"/>
    <path refid="library.maven:_javax.jms:javax.jms-api:2.0.1.classpath"/>
    <path refid="library.maven:_org.springframework.boot:spring-boot-starter-web:2.1.8.release.classpath"/>
    <path refid="library.maven:_org.springframework.boot:spring-boot-starter-json:2.1.8.release.classpath"/>
    <path refid="library.maven:_com.fasterxml.jackson.datatype:jackson-datatype-jdk8:2.9.9.classpath"/>
    <path refid="library.maven:_com.fasterxml.jackson.datatype:jackson-datatype-jsr310:2.9.9.classpath"/>
    <path refid="library.maven:_com.fasterxml.jackson.module:jackson-module-parameter-names:2.9.9.classpath"/>
    <path refid="library.maven:_org.springframework.boot:spring-boot-starter-tomcat:2.1.8.release.classpath"/>
    <path refid="library.maven:_org.apache.tomcat.embed:tomcat-embed-core:9.0.24.classpath"/>
    <path refid="library.maven:_org.apache.tomcat.embed:tomcat-embed-el:9.0.24.classpath"/>
    <path refid="library.maven:_org.apache.tomcat.embed:tomcat-embed-websocket:9.0.24.classpath"/>
    <path refid="library.maven:_org.hibernate.validator:hibernate-validator:6.0.17.final.classpath"/>
    <path refid="library.maven:_javax.validation:validation-api:2.0.1.final.classpath"/>
    <path refid="library.maven:_org.jboss.logging:jboss-logging:3.3.3.final.classpath"/>
    <path refid="library.maven:_com.fasterxml:classmate:1.4.0.classpath"/>
    <path refid="library.maven:_org.springframework:spring-web:5.1.9.release.classpath"/>
    <path refid="library.maven:_org.springframework:spring-webmvc:5.1.9.release.classpath"/>
    <path refid="library.maven:_org.springframework:spring-aop:5.1.9.release.classpath"/>
    <path refid="library.maven:_org.springframework:spring-context:5.1.9.release.classpath"/>
    <path refid="library.maven:_org.springframework:spring-expression:5.1.9.release.classpath"/>
    <path refid="library.maven:_org.slf4j:slf4j-api:1.7.28.classpath"/>
    <path refid="library.maven:_org.springframework:spring-core:5.1.9.release.classpath"/>
    <path refid="library.maven:_org.springframework:spring-jcl:5.1.9.release.classpath"/>
  </path>
  
  <path id="jmsdemo1.module.classpath">
    <path refid="${module.jdk.classpath.jmsdemo1}"/>
    <pathelement location="${jmsdemo1.output.dir}"/>
    <path refid="library.maven:_org.springframework.boot:spring-boot-starter-activemq:2.1.8.release.classpath"/>
    <path refid="library.maven:_org.springframework.boot:spring-boot-starter:2.1.8.release.classpath"/>
    <path refid="library.maven:_org.springframework.boot:spring-boot:2.1.8.release.classpath"/>
    <path refid="library.maven:_org.springframework.boot:spring-boot-autoconfigure:2.1.8.release.classpath"/>
    <path refid="library.maven:_org.springframework.boot:spring-boot-starter-logging:2.1.8.release.classpath"/>
    <path refid="library.maven:_ch.qos.logback:logback-classic:1.2.3.classpath"/>
    <path refid="library.maven:_ch.qos.logback:logback-core:1.2.3.classpath"/>
    <path refid="library.maven:_org.apache.logging.log4j:log4j-to-slf4j:2.11.2.classpath"/>
    <path refid="library.maven:_org.apache.logging.log4j:log4j-api:2.11.2.classpath"/>
    <path refid="library.maven:_org.slf4j:jul-to-slf4j:1.7.28.classpath"/>
    <path refid="library.maven:_javax.annotation:javax.annotation-api:1.3.2.classpath"/>
    <path refid="library.maven:_org.yaml:snakeyaml:1.23.classpath"/>
    <path refid="library.maven:_org.springframework:spring-jms:5.1.9.release.classpath"/>
    <path refid="library.maven:_org.springframework:spring-beans:5.1.9.release.classpath"/>
    <path refid="library.maven:_org.springframework:spring-messaging:5.1.9.release.classpath"/>
    <path refid="library.maven:_org.springframework:spring-tx:5.1.9.release.classpath"/>
    <path refid="library.maven:_org.apache.activemq:activemq-broker:5.15.10.classpath"/>
    <path refid="library.maven:_org.apache.activemq:activemq-client:5.15.10.classpath"/>
    <path refid="library.maven:_org.fusesource.hawtbuf:hawtbuf:1.11.classpath"/>
    <path refid="library.maven:_org.apache.geronimo.specs:geronimo-j2ee-management_1.1_spec:1.0.1.classpath"/>
    <path refid="library.maven:_org.apache.activemq:activemq-openwire-legacy:5.15.10.classpath"/>
    <path refid="library.maven:_com.google.guava:guava:28.0-jre.classpath"/>
    <path refid="library.maven:_com.google.guava:failureaccess:1.0.1.classpath"/>
    <path refid="library.maven:_com.google.guava:listenablefuture:9999.0-empty-to-avoid-conflict-with-guava.classpath"/>
    <path refid="library.maven:_com.google.code.findbugs:jsr305:3.0.2.classpath"/>
    <path refid="library.maven:_org.checkerframework:checker-qual:2.8.1.classpath"/>
    <path refid="library.maven:_com.google.errorprone:error_prone_annotations:2.3.2.classpath"/>
    <path refid="library.maven:_com.google.j2objc:j2objc-annotations:1.3.classpath"/>
    <path refid="library.maven:_org.codehaus.mojo:animal-sniffer-annotations:1.17.classpath"/>
    <path refid="library.maven:_com.fasterxml.jackson.core:jackson-databind:2.9.9.3.classpath"/>
    <path refid="library.maven:_com.fasterxml.jackson.core:jackson-annotations:2.9.0.classpath"/>
    <path refid="library.maven:_com.fasterxml.jackson.core:jackson-core:2.9.9.classpath"/>
    <path refid="library.maven:_javax.jms:javax.jms-api:2.0.1.classpath"/>
    <path refid="library.maven:_org.springframework.boot:spring-boot-starter-web:2.1.8.release.classpath"/>
    <path refid="library.maven:_org.springframework.boot:spring-boot-starter-json:2.1.8.release.classpath"/>
    <path refid="library.maven:_com.fasterxml.jackson.datatype:jackson-datatype-jdk8:2.9.9.classpath"/>
    <path refid="library.maven:_com.fasterxml.jackson.datatype:jackson-datatype-jsr310:2.9.9.classpath"/>
    <path refid="library.maven:_com.fasterxml.jackson.module:jackson-module-parameter-names:2.9.9.classpath"/>
    <path refid="library.maven:_org.springframework.boot:spring-boot-starter-tomcat:2.1.8.release.classpath"/>
    <path refid="library.maven:_org.apache.tomcat.embed:tomcat-embed-core:9.0.24.classpath"/>
    <path refid="library.maven:_org.apache.tomcat.embed:tomcat-embed-el:9.0.24.classpath"/>
    <path refid="library.maven:_org.apache.tomcat.embed:tomcat-embed-websocket:9.0.24.classpath"/>
    <path refid="library.maven:_org.hibernate.validator:hibernate-validator:6.0.17.final.classpath"/>
    <path refid="library.maven:_javax.validation:validation-api:2.0.1.final.classpath"/>
    <path refid="library.maven:_org.jboss.logging:jboss-logging:3.3.3.final.classpath"/>
    <path refid="library.maven:_com.fasterxml:classmate:1.4.0.classpath"/>
    <path refid="library.maven:_org.springframework:spring-web:5.1.9.release.classpath"/>
    <path refid="library.maven:_org.springframework:spring-webmvc:5.1.9.release.classpath"/>
    <path refid="library.maven:_org.springframework:spring-aop:5.1.9.release.classpath"/>
    <path refid="library.maven:_org.springframework:spring-context:5.1.9.release.classpath"/>
    <path refid="library.maven:_org.springframework:spring-expression:5.1.9.release.classpath"/>
    <path refid="library.maven:_org.springframework.boot:spring-boot-starter-test:2.1.8.release.classpath"/>
    <path refid="library.maven:_org.springframework.boot:spring-boot-test:2.1.8.release.classpath"/>
    <path refid="library.maven:_org.springframework.boot:spring-boot-test-autoconfigure:2.1.8.release.classpath"/>
    <path refid="library.maven:_com.jayway.jsonpath:json-path:2.4.0.classpath"/>
    <path refid="library.maven:_net.minidev:json-smart:2.3.classpath"/>
    <path refid="library.maven:_net.minidev:accessors-smart:1.2.classpath"/>
    <path refid="library.maven:_org.ow2.asm:asm:5.0.4.classpath"/>
    <path refid="library.maven:_org.slf4j:slf4j-api:1.7.28.classpath"/>
    <path refid="library.maven:_junit:junit:4.12.classpath"/>
    <path refid="library.maven:_org.assertj:assertj-core:3.11.1.classpath"/>
    <path refid="library.maven:_org.mockito:mockito-core:2.23.4.classpath"/>
    <path refid="library.maven:_net.bytebuddy:byte-buddy:1.9.16.classpath"/>
    <path refid="library.maven:_net.bytebuddy:byte-buddy-agent:1.9.16.classpath"/>
    <path refid="library.maven:_org.objenesis:objenesis:2.6.classpath"/>
    <path refid="library.maven:_org.hamcrest:hamcrest-core:1.3.classpath"/>
    <path refid="library.maven:_org.hamcrest:hamcrest-library:1.3.classpath"/>
    <path refid="library.maven:_org.skyscreamer:jsonassert:1.5.0.classpath"/>
    <path refid="library.maven:_com.vaadin.external.google:android-json:0.0.20131108.vaadin1.classpath"/>
    <path refid="library.maven:_org.springframework:spring-core:5.1.9.release.classpath"/>
    <path refid="library.maven:_org.springframework:spring-jcl:5.1.9.release.classpath"/>
    <path refid="library.maven:_org.springframework:spring-test:5.1.9.release.classpath"/>
    <path refid="library.maven:_org.xmlunit:xmlunit-core:2.6.3.classpath"/>
  </path>
  
  <path id="jmsdemo1.runtime.module.classpath">
    <pathelement location="${jmsdemo1.testoutput.dir}"/>
    <pathelement location="${jmsdemo1.output.dir}"/>
    <path refid="library.maven:_org.springframework.boot:spring-boot-starter-activemq:2.1.8.release.classpath"/>
    <path refid="library.maven:_org.springframework.boot:spring-boot-starter:2.1.8.release.classpath"/>
    <path refid="library.maven:_org.springframework.boot:spring-boot:2.1.8.release.classpath"/>
    <path refid="library.maven:_org.springframework.boot:spring-boot-autoconfigure:2.1.8.release.classpath"/>
    <path refid="library.maven:_org.springframework.boot:spring-boot-starter-logging:2.1.8.release.classpath"/>
    <path refid="library.maven:_ch.qos.logback:logback-classic:1.2.3.classpath"/>
    <path refid="library.maven:_ch.qos.logback:logback-core:1.2.3.classpath"/>
    <path refid="library.maven:_org.apache.logging.log4j:log4j-to-slf4j:2.11.2.classpath"/>
    <path refid="library.maven:_org.apache.logging.log4j:log4j-api:2.11.2.classpath"/>
    <path refid="library.maven:_org.slf4j:jul-to-slf4j:1.7.28.classpath"/>
    <path refid="library.maven:_javax.annotation:javax.annotation-api:1.3.2.classpath"/>
    <path refid="library.maven:_org.yaml:snakeyaml:1.23.classpath"/>
    <path refid="library.maven:_org.springframework:spring-jms:5.1.9.release.classpath"/>
    <path refid="library.maven:_org.springframework:spring-beans:5.1.9.release.classpath"/>
    <path refid="library.maven:_org.springframework:spring-messaging:5.1.9.release.classpath"/>
    <path refid="library.maven:_org.springframework:spring-tx:5.1.9.release.classpath"/>
    <path refid="library.maven:_org.apache.activemq:activemq-broker:5.15.10.classpath"/>
    <path refid="library.maven:_org.apache.activemq:activemq-client:5.15.10.classpath"/>
    <path refid="library.maven:_org.fusesource.hawtbuf:hawtbuf:1.11.classpath"/>
    <path refid="library.maven:_org.apache.geronimo.specs:geronimo-j2ee-management_1.1_spec:1.0.1.classpath"/>
    <path refid="library.maven:_org.apache.activemq:activemq-openwire-legacy:5.15.10.classpath"/>
    <path refid="library.maven:_com.google.guava:guava:28.0-jre.classpath"/>
    <path refid="library.maven:_com.google.guava:failureaccess:1.0.1.classpath"/>
    <path refid="library.maven:_com.google.guava:listenablefuture:9999.0-empty-to-avoid-conflict-with-guava.classpath"/>
    <path refid="library.maven:_com.google.code.findbugs:jsr305:3.0.2.classpath"/>
    <path refid="library.maven:_org.checkerframework:checker-qual:2.8.1.classpath"/>
    <path refid="library.maven:_com.google.errorprone:error_prone_annotations:2.3.2.classpath"/>
    <path refid="library.maven:_com.google.j2objc:j2objc-annotations:1.3.classpath"/>
    <path refid="library.maven:_org.codehaus.mojo:animal-sniffer-annotations:1.17.classpath"/>
    <path refid="library.maven:_com.fasterxml.jackson.core:jackson-databind:2.9.9.3.classpath"/>
    <path refid="library.maven:_com.fasterxml.jackson.core:jackson-annotations:2.9.0.classpath"/>
    <path refid="library.maven:_com.fasterxml.jackson.core:jackson-core:2.9.9.classpath"/>
    <path refid="library.maven:_javax.jms:javax.jms-api:2.0.1.classpath"/>
    <path refid="library.maven:_org.springframework.boot:spring-boot-starter-web:2.1.8.release.classpath"/>
    <path refid="library.maven:_org.springframework.boot:spring-boot-starter-json:2.1.8.release.classpath"/>
    <path refid="library.maven:_com.fasterxml.jackson.datatype:jackson-datatype-jdk8:2.9.9.classpath"/>
    <path refid="library.maven:_com.fasterxml.jackson.datatype:jackson-datatype-jsr310:2.9.9.classpath"/>
    <path refid="library.maven:_com.fasterxml.jackson.module:jackson-module-parameter-names:2.9.9.classpath"/>
    <path refid="library.maven:_org.springframework.boot:spring-boot-starter-tomcat:2.1.8.release.classpath"/>
    <path refid="library.maven:_org.apache.tomcat.embed:tomcat-embed-core:9.0.24.classpath"/>
    <path refid="library.maven:_org.apache.tomcat.embed:tomcat-embed-el:9.0.24.classpath"/>
    <path refid="library.maven:_org.apache.tomcat.embed:tomcat-embed-websocket:9.0.24.classpath"/>
    <path refid="library.maven:_org.hibernate.validator:hibernate-validator:6.0.17.final.classpath"/>
    <path refid="library.maven:_javax.validation:validation-api:2.0.1.final.classpath"/>
    <path refid="library.maven:_org.jboss.logging:jboss-logging:3.3.3.final.classpath"/>
    <path refid="library.maven:_com.fasterxml:classmate:1.4.0.classpath"/>
    <path refid="library.maven:_org.springframework:spring-web:5.1.9.release.classpath"/>
    <path refid="library.maven:_org.springframework:spring-webmvc:5.1.9.release.classpath"/>
    <path refid="library.maven:_org.springframework:spring-aop:5.1.9.release.classpath"/>
    <path refid="library.maven:_org.springframework:spring-context:5.1.9.release.classpath"/>
    <path refid="library.maven:_org.springframework:spring-expression:5.1.9.release.classpath"/>
    <path refid="library.maven:_org.springframework.boot:spring-boot-starter-test:2.1.8.release.classpath"/>
    <path refid="library.maven:_org.springframework.boot:spring-boot-test:2.1.8.release.classpath"/>
    <path refid="library.maven:_org.springframework.boot:spring-boot-test-autoconfigure:2.1.8.release.classpath"/>
    <path refid="library.maven:_com.jayway.jsonpath:json-path:2.4.0.classpath"/>
    <path refid="library.maven:_net.minidev:json-smart:2.3.classpath"/>
    <path refid="library.maven:_net.minidev:accessors-smart:1.2.classpath"/>
    <path refid="library.maven:_org.ow2.asm:asm:5.0.4.classpath"/>
    <path refid="library.maven:_org.slf4j:slf4j-api:1.7.28.classpath"/>
    <path refid="library.maven:_junit:junit:4.12.classpath"/>
    <path refid="library.maven:_org.assertj:assertj-core:3.11.1.classpath"/>
    <path refid="library.maven:_org.mockito:mockito-core:2.23.4.classpath"/>
    <path refid="library.maven:_net.bytebuddy:byte-buddy:1.9.16.classpath"/>
    <path refid="library.maven:_net.bytebuddy:byte-buddy-agent:1.9.16.classpath"/>
    <path refid="library.maven:_org.objenesis:objenesis:2.6.classpath"/>
    <path refid="library.maven:_org.hamcrest:hamcrest-core:1.3.classpath"/>
    <path refid="library.maven:_org.hamcrest:hamcrest-library:1.3.classpath"/>
    <path refid="library.maven:_org.skyscreamer:jsonassert:1.5.0.classpath"/>
    <path refid="library.maven:_com.vaadin.external.google:android-json:0.0.20131108.vaadin1.classpath"/>
    <path refid="library.maven:_org.springframework:spring-core:5.1.9.release.classpath"/>
    <path refid="library.maven:_org.springframework:spring-jcl:5.1.9.release.classpath"/>
    <path refid="library.maven:_org.springframework:spring-test:5.1.9.release.classpath"/>
    <path refid="library.maven:_org.xmlunit:xmlunit-core:2.6.3.classpath"/>
  </path>
  
  
  <patternset id="excluded.from.module.jmsdemo1">
    <patternset refid="ignored.files"/>
  </patternset>
  
  <patternset id="excluded.from.compilation.jmsdemo1">
    <patternset refid="excluded.from.module.jmsdemo1"/>
  </patternset>
  
  <path id="jmsdemo1.module.sourcepath">
    <dirset dir="${module.jmsdemo1.basedir}">
      <include name="src/main/java"/>
      <include name="src/main/resources"/>
    </dirset>
  </path>
  
  <path id="jmsdemo1.module.test.sourcepath">
    <dirset dir="${module.jmsdemo1.basedir}">
      <include name="src/test/java"/>
    </dirset>
  </path>
  
  
  <target name="compile.module.jmsdemo1" depends="compile.module.jmsdemo1.production,compile.module.jmsdemo1.tests" description="Compile module jmsdemo1"/>
  
  <target name="compile.module.jmsdemo1.production" depends="register.custom.compilers" description="Compile module jmsdemo1; production classes">
    <mkdir dir="${jmsdemo1.output.dir}"/>
    <javac2 destdir="${jmsdemo1.output.dir}" debug="${compiler.debug}" nowarn="${compiler.generate.no.warnings}" memorymaximumsize="${compiler.max.memory}" fork="true" executable="${module.jdk.bin.jmsdemo1}/javac">
      <compilerarg line="${compiler.args.jmsdemo1}"/>
      <bootclasspath refid="jmsdemo1.module.bootclasspath"/>
      <classpath refid="jmsdemo1.module.production.classpath"/>
      <src refid="jmsdemo1.module.sourcepath"/>
      <patternset refid="excluded.from.compilation.jmsdemo1"/>
    </javac2>
    
    <copy todir="${jmsdemo1.output.dir}">
      <fileset dir="${module.jmsdemo1.basedir}/src/main/java">
        <patternset refid="compiler.resources"/>
        <type type="file"/>
      </fileset>
      <fileset dir="${module.jmsdemo1.basedir}/src/main/resources">
        <patternset refid="compiler.resources"/>
        <type type="file"/>
      </fileset>
    </copy>
  </target>
  
  <target name="compile.module.jmsdemo1.tests" depends="register.custom.compilers,compile.module.jmsdemo1.production" description="compile module jmsdemo1; test classes" unless="skip.tests">
    <mkdir dir="${jmsdemo1.testoutput.dir}"/>
    <javac2 destdir="${jmsdemo1.testoutput.dir}" debug="${compiler.debug}" nowarn="${compiler.generate.no.warnings}" memorymaximumsize="${compiler.max.memory}" fork="true" executable="${module.jdk.bin.jmsdemo1}/javac">
      <compilerarg line="${compiler.args.jmsdemo1}"/>
      <bootclasspath refid="jmsdemo1.module.bootclasspath"/>
      <classpath refid="jmsdemo1.module.classpath"/>
      <src refid="jmsdemo1.module.test.sourcepath"/>
      <patternset refid="excluded.from.compilation.jmsdemo1"/>
    </javac2>
    
    <copy todir="${jmsdemo1.testoutput.dir}">
      <fileset dir="${module.jmsdemo1.basedir}/src/test/java">
        <patternset refid="compiler.resources"/>
        <type type="file"/>
      </fileset>
    </copy>
  </target>
  
  <target name="clean.module.jmsdemo1" description="cleanup module">
    <delete dir="${jmsdemo1.output.dir}"/>
    <delete dir="${jmsdemo1.testoutput.dir}"/>
  </target>
</project>